Library,Time (s),Memory (MB)
Pandas,24.66908622899973,25.609375
Polars,23.982322729500083,115.515625
